spacer,pam,strand,bowtieChr,bowtieStart,bowtieEnd,sgrnascorer2score,acceptedByMm10db,mitOfftargetscore,cfdOfftargetscore,consensusCount
ATATTCTGAGCCTACAGCAG,AGG,+,NC_000004.12,76023451,76023473,1.3219815100738335,0,61.649036,68.720866,2
AGAATATGTCTAAGCAATTG,AGG,-,NC_000004.12,76023467,76023489,1.0144032326747419,0,58.176478,73.558091,2
ATTCATGGTGCTGAGACTGG,AGG,-,NC_000004.12,76023426,76023448,?,1,70.573389,60.144769,2
GATAAGGCAGCAAATCAGAA,TGG,-,NC_000004.12,76023396,76023418,2.0279715929890014,1,60.798494,69.524246,2
