spacer,pam,strand,bowtieChr,bowtieStart,bowtieEnd,sgrnascorer2score,acceptedByMm10db,mitOfftargetscore,cfdOfftargetscore,consensusCount
GATTGGAGAAATCTATGGCC,TGG,+,NC_000004.12,76021041,76021063,0.4382524560499931,1,78.820654,86.530487,2
TTTAACTGGATGATGAATCG,TGG,-,NC_000004.12,76024464,76024486,1.8970866656734118,0,80.353587,89.683975,2
GCACGCATAGAGACAGACCT,TGG,-,NC_000004.12,76024303,76024325,0.11067565146485803,1,74.667792,88.130922,2
GATGATGGTGCAATTAAACT,AGG,-,NC_000004.12,76020564,76020586,0.3365536366438334,1,73.994255,88.803362,2
AGTAGTATAGAATTACTCCC,AGG,-,NC_000004.12,76020518,76020540,0.8372474791293015,1,74.811483,88.31231,2
